date,state,action,label
2022-03-15,Maryland,Executive order removing degree requirements for state jobs,MD removes degree req.
2022-04-18,Colorado,Executive order on skills-based hiring,CO executive order
2022-06-22,Pennsylvania,Executive order for skills-based hiring,PA executive order
2022-12-20,Utah,Skills-first hiring executive order,UT skills-first order
2023-01-09,Virginia,Executive action on degree requirements,VA degree reform
2023-02-14,Alaska,Skills-based hiring commitment,AK commitment
2023-03-06,New Jersey,Executive order on skills-based state hiring,NJ executive order
2023-04-11,North Carolina,Skills-based hiring policy,NC policy
2023-05-15,Minnesota,State hiring reform commitment,MN commitment
2023-06-01,South Dakota,Skills-first hiring announcement,SD announcement
2023-07-10,Indiana,Degree requirement removal for state jobs,IN reform
2023-08-22,Oregon,Skills-based hiring executive order,OR executive order
2023-09-12,Connecticut,Skills-first hiring initiative,CT initiative
2023-10-03,Ohio,Executive action on skills-based hiring,OH executive action
2023-11-15,Georgia,Skills-based hiring commitment,GA commitment
2023-12-05,Arizona,State hiring reform,AZ reform
2024-01-10,New York,Skills-based hiring announcement,NY announcement
2024-02-15,Michigan,Degree requirement reform,MI reform
2024-03-20,Illinois,Executive order on skills-first hiring,IL executive order
2024-04-10,Wisconsin,Skills-based hiring commitment,WI commitment
2024-05-01,Tennessee,State hiring reform,TN reform
2024-06-05,Connecticut,Skills-first hiring legislation signed into law,CT legislation
2024-07-15,Massachusetts,Skills-based hiring executive order,MA executive order
2024-08-20,California,Skills-first state hiring reform,CA reform
2024-09-10,Washington,Degree requirement removal for state positions,WA reform
